dad;Фамилия;Имя;отчество;Login;Password;Role;;;;;
1;Константинова ;Вероника;Агафоновна;DEsgg2018;qhgYnW;2;;;;1;клиент
2;Меркушев ;Мартын;Федотович;DEdcd2018;LxR6YI;1;;;;2;менеджер
3;Казаков ;Федот;Кондратович;DEisg2018;Cp8ddU;2;;;;3;администратор
4;Карпов ;Улеб;Леонидович;DEcph2018;7YpE0p;3;;;;;
5;Королёв ;Матвей;Вадимович;DEgco2018;nMr|ss;1;;;;;
6;Юдин ;Герман;Кондратович;DEwjg2018;9UfqWQ;1;;;;;
7;Беляева ;Анна;Вячеславовна;DEjbz2018;xIAWNI;3;;;;;
8;Беляев ;Валентин;Артёмович;DEmgu2018;0gC3bk;2;;;;;
9;Семёнов ;Герман;Дмитрьевич;DErdg2018;ni0ue0;2;;;;;
10;Шестаков ;Илья;Антонинович;DEjtv2018;f2ZaN6;1;;;;;
11;Власов ;Вадим;Васильевич;DEtfj2018;{{ksPn;1;;;;;
12;Савельев ;Арсений;Авксентьевич;DEpnb2018;{ADBdc;3;;;;;
13;Ефимов ;Руслан;Якунович;DEzer2018;5&R+zs;3;;;;;
14;Бурова ;Марфа;Федотовна;DEiin2018;y9l*b};1;;;;;
15;Селезнёв ;Александр;Никитевич;DEqda2018;|h+r}I;1;;;;;
16;Кулакова ;Виктория;Георгьевна;DEbnj2018;sa1wh2;1;;;;;
17;Дорофеева ;Кира;Демьяновна;DEqte2018;dC8bDI;1;;;;;
18;Сафонова ;Нинель;Якововна;DEfeo2018;8cI7vq;1;;;;;
19;Ситникова ;София;Лукьевна;DEvni2018;e4pVIv;1;;;;;
20;Медведев ;Ириней;Геннадьевич;DEjis2018;A9K++2;2;;;;;
21;Суханова ;Евгения;Улебовна;DExvv2018;R1zh}|;2;;;;;
22;Игнатьев ;Владлен;Дамирович;DEadl2018;F&IWf4;2;;;;;
23;Ефремов ;Христофор;Владиславович;DEyzn2018;P1v24R;1;;;;;
24;Кошелев ;Ростислав;Куприянович;DEphn2018;F}jGsJ;1;;;;;
25;Галкина ;Тамара;Авксентьевна;DEdvk2018;NKNkup;3;;;;;
26;Журавлёва ;Вера;Арсеньевна;DEtld2018;c+CECK;2;;;;;
27;Савина ;Таисия;Глебовна;DEima2018;XK3sOA;3;;;;;
28;Иванов ;Яков;Мэлорович;DEyfe2018;4Bbzpa;1;;;;;
29;Лыткин ;Ким;Алексеевич;DEwqc2018;vRtAP*;2;;;;;
30;Логинов ;Федот;Святославович;DEgtt2018;7YD|BR;2;;;;;
31;Русакова ;Марина;Юлиановна;DEiwl2018;LhlmIl;2;;;;;
32;Константинов ;Пётр;Кондратович;DEyvi2018;22beR};3;;;;;
33;Поляков ;Анатолий;Игоревич;DEtfz2018;uQY0ZQ;1;;;;;
34;Панфилова ;Василиса;Григорьевна;DEikb2018;*QkUxc;3;;;;;
35;Воробьёв ;Герман;Романович;DEdmi2018;HOGFbU;1;;;;;
36;Андреев ;Ростислав;Федосеевич;DEtlo2018;58Jxrg;3;;;;;
37;Бобров ;Агафон;Владимирович;DEsnd2018;lLHqZf;3;;;;;
38;Лапин ;Алексей;Витальевич;DEgno2018;4fqLiO;3;;;;;
39;Шестаков ;Авдей;Иванович;DEgnl2018;wdio{u;1;;;;;
40;Гаврилова ;Алина;Эдуардовна;DEzna2018;yz1iMB;1;;;;;
41;Жуков ;Юлиан;Валерьянович;DEsyh2018;&4jYGs;2;;;;;
42;Пономарёв ;Максим;Альвианович;DExex2018;rnh36{;1;;;;;
43;Зиновьева ;Мария;Лаврентьевна;DEdjm2018;KjI1JR;2;;;;;
44;Осипов ;Артём;Мэлорович;DEgup2018;36|KhF;1;;;;;
45;Лапин ;Вячеслав;Геласьевич;DEdat2018;ussd8Q;3;;;;;
46;Зуев ;Ириней;Вадимович;DEffj2018;cJP+HC;1;;;;;
47;Коновалова ;Агафья;Митрофановна;DEisp2018;dfz5Ii;2;;;;;
48;Исаев ;Дмитрий;Аристархович;DEfrp2018;6dcR|9;2;;;;;
49;Белозёрова ;Алевтина;Лаврентьевна;DEaee2018;5&qONH;1;;;;;
50;Самсонов ;Агафон;Максимович;DEthu2018;|0xWzV;1;;;;;
